name,id
Cuming,31039
Wahkiakum,53069
De Baca,35011
Lancaster,31109
Nuckolls,31129
Minnehaha,46099
Menard,48327
Sierra,6091
Clinton,21053
Hancock,39063
Hale,48189
Clay,1027
Armstrong,48011
Allen,39003
McDuffie,13189
Sauk,55111
Stone,5137
Wallowa,41063
Beaver,42007
Jasper,28061
Henry,29083
Saguache,8109
Chatham,37037
Rich,49033
Adair,40001
Lake,39085
Salem,51775
Montgomery,51121
Hamilton,47065
Otero,35035
Catron,35003
Marengo,1091
Lincoln,56023
Barton,29011
Calhoun,48057
Poquoson,51735
Pocahontas,54075
Clay,48077
James City,51095
Keith,31101
Phelps,31137
Calcasieu,22019
Union,22111
Sequoyah,40135
DeKalb,1049
Steuben,36101
Forest,42053
Tangipahoa,22105
Stafford,51179
Menominee,26109
Jasper,18073
Brantley,13025
Lamar,13171
Steuben,18151
Orange,48361
Fayette,39047
Hampshire,25015
Allen,21003
Alamance,37001
Greenwood,20073
Suffolk,25025
Jefferson,16051
Gonzales,48177
Marion,47115
Alpena,26007
Wayne,21231
White,47185
Fannin,48147
Doniphan,20043
Kerr,48265
Hernando,12053
Wakulla,12129
Walton,12131
Chickasaw,28017
Clare,26035
Republic,20157
Volusia,12127
Canadian,40017
Floyd,13115
Churchill,32001
Webster,31181
Hancock,17067
Hutchinson,46067
Crook,41013
Franklin,50011
Marquette,26103
Middlesex,9007
Davidson,37057
Clay,17025
Knox,29103
Livingston,29117
Tioga,42117
Dakota,31043
Leelanau,26089
Surry,51181
Refugio,48391
Butler,39017
Terrell,13273
Clayton,13063
Fremont,56013
Ohio,18115
Columbia,13073
Sedgwick,8115
Musselshell,30065
Dauphin,42043
Moody,46101
Putnam,54079
Sussex,34037
Decatur,20039
Perry,18123
Union,28145
Boyd,31015
Mille Lacs,27095
Walsh,38099
Morgan,39115
Portage,39133
Uinta,56041
Humboldt,32013
Jim Hogg,48247
Cheyenne,8017
Clackamas,41005
Polk,5113
Macon,13193
Benton,18007
Morgan,47129
Douglas,46043
Worcester,24047
Wabash,17185
Huntington,18069
Scott,21209
Decatur,19053
Wabash,18169
Allen,18003
Marshall,18099
Thomas,31171
Sioux,38085
Dimmit,48127
Fillmore,27045
Chester,45023
Lac qui Parle,27073
Cache,49005
Pierce,55093
Charlton,13049
Polk,13233
McLean,17113
Androscoggin,23001
Kootenai,16055
Clark,32003
Phillips,20147
Holt,31089
Johnson,29101
La Crosse,55063
Caldwell,22021
Edmonson,21061
Bond,17005
Brown,17009
McLeod,27085
Dunn,55033
Custer,8027
Madison,29123
Nolan,48353
Wayne,42127
Saratoga,36091
Brazos,48041
Marshall,40095
Allegany,24001
Wetzel,54103
Jackson,55053
Clatsop,41007
Lewis,53041
Allegany,36003
Cedar,19031
Orange,18117
DeKalb,13089
Pickens,13227
Chouteau,30015
Brown,31017
Campbell,47013
Franklin,37069
Baltimore,24510
Lyon,20111
Carroll,19027
Tensas,22107
Monroe,47123
Hamilton,20075
Pocahontas,19151
Gem,16045
Independence,5063
Lonoke,5085
Newton,18111
Franklin,13119
Hendry,12051
Taliaferro,13265
Jefferson,48245
Meagher,30059
La Plata,8067
Bell,48027
Kemper,28069
Clark,5019
Klamath,41035
Oswego,36075
Cherokee,1019
Bandera,48019
Rosebud,30087
Union,35059
Schoolcraft,26153
Ulster,36111
Camden,34007
Jersey,17083
Hanover,51085
Wallace,20199
Alger,26003
Fulton,5049
Hidalgo,48215
Robeson,37155
Newaygo,26123
Morrow,41049
Todd,27153
Logan,5083
Lincoln,37109
Miller,5091
Orange,12095
San Juan,8111
Franklin,16041
Carroll,13045
Riley,20161
Schleicher,48413
Russell,51167
Caldwell,37027
Madison,16065
Warrick,18173
Adair,21001
Gallatin,21077
Harrison,21097
Sagadahoc,23023
Sweet Grass,30097
Grayson,48181
Greene,42059
Ellis,20051
Hale,1065
Perry,1105
Colbert,1033
Pratt,20151
Bourbon,21017
Rutherford,47149
Cook,13075
Lane,20101
Harper,40059
Piatt,17147
Crosby,48107
Greene,1063
Clark,16033
Kossuth,19109
Burke,38013
Durham,37063
Harrison,19085
Keya Paha,31103
Webster,19187
Pope,17151
Smith,47159
Henry,51089
Alexandria,51510
Jefferson,19101
Lewis and Clark,30049
Duchesne,49013
Alfalfa,40003
Delta,48119
Trousdale,47169
Perry,21193
Deuel,46039
Jackson,41029
Zavala,48507
Banner,31007
Madison,19121
Broward,12011
Toombs,13279
Sanilac,26151
Rockwall,48397
Wayne,26163
Nobles,27105
Aitkin,27001
Ramsey,38071
Person,37145
Trego,20195
Washington,28151
Eastland,48133
Issaquena,28055
DeWitt,48123
Angelina,48005
Saluda,45081
Maries,29125
Arkansas,5001
Lawrence,29109
Charlottesville,51540
Bureau,17011
Scioto,39145
Madison,37115
Jerome,16053
Vinton,39163
McLennan,48309
Custer,16037
Howard,19089
Palm Beach,12099
Lincoln,13181
Butler,1013
Sumner,47165
King and Queen,51097
Carroll,5015
Waynesboro,51820
Multnomah,41051
Grundy,47061
Hubbard,27057
Sargent,38081
St. Lawrence,36089
Reynolds,29179
Sacramento,6067
Paulding,39125
Wells,18179
Floyd,51063
Santa Barbara,6083
Boone,54005
Benton,28009
Crittenden,21055
Palo Alto,19147
Ringgold,19159
Randolph,37151
Cecil,24015
Warren,18171
Greeley,31077
Jefferson,31095
Saline,31151
Knott,21119
Clinton,19045
Jackson,27063
Dodge,27039
Freeborn,27047
Calaveras,6009
Barnstable,25001
Middlesex,51119
Jefferson,42065
Lake,18089
Bedford,47003
Clay,47027
Coles,17029
Lauderdale,47097
Baker,41001
Schuyler,36097
Van Buren,26159
Mercer,17131
Lawrence,21127
Morgan,21175
Muhlenberg,21177
Effingham,17049
Loudon,47105
Clark,46025
Gilchrist,12041
Tippecanoe,18157
Snyder,42109
Lamar,48277
Miami-Dade,12086
Dundy,31057
Leon,48289
Pitkin,8097
Grand Forks,38035
LaPorte,18091
Hamilton,18057
Emporia,51595
Lincoln,40081
Greeley,20071
Harris,13145
Screven,13251
Stonewall,48433
Henry,39069
Grafton,33009
Newton,29145
Posey,18129
McMullen,48311
Cumberland,17035
Walton,13297
Pope,27121
Rappahannock,51157
Amherst,51009
Ventura,6111
Crawford,17033
Park,8093
Los Angeles,6037
Yuma,4027
Gordon,13129
Calhoun,19025
Highlands,12055
Covington,51580
Orange,50017
McPherson,20113
Pinal,4021
Fulton,39051
Alamosa,8003
Citrus,12017
DeKalb,47041
Clarion,42031
Miner,46097
Jerauld,46073
Decatur,18031
Dubois,18037
Essex,51057
Williamsburg,45089
Essex,36031
Worth,19195
Hughes,40063
Buchanan,51027
Alleghany,51005
Lowndes,28087
Scott,18143
Prowers,8099
Sutton,48435
Muskogee,40101
Christian,29043
Lamar,28073
Ripley,18137
Mercer,38057
Hart,13147
Jackson,22049
Northumberland,51133
Fort Bend,48157
Green Lake,55047
Pondera,30073
Walworth,55127
Mineral,32021
Fulton,17057
Suffolk,36103
Union,18161
McDonald,29119
Scotts Bluff,31157
San Miguel,35047
Lee,1081
Parker,48367
Dickey,38021
Barnes,38003
Sibley,27143
Upson,13293
Sonoma,6097
Chippewa,26033
Bonneville,16019
Barrow,13013
Long,13183
Kinney,48271
Ottawa,40115
Clearfield,42033
Clinton,26037
Montgomery,17135
Alcorn,28003
Lafayette,28071
Grant,22043
Atchison,29005
Macon,17115
St. Joseph,26149
Franklin,17055
Garfield,30033
Adams,31001
Olmsted,27109
Union,34039
Mobile,1097
McCook,46087
Fayette,1057
Chambers,1017
Northampton,37131
Moffat,8081
Green,21087
Franklin,18047
Beaufort,37013
Burleigh,38015
Rowan,37159
Iron,26071
Kandiyohi,27067
Wolfe,21237
Fayette,48149
Lawrence,46081
Washington,23029
Briscoe,48045
Ontonagon,26131
Carroll,28015
Benton,41003
Rock,27133
Indiana,42063
Lincoln,22061
Perry,42099
Ziebach,46137
Harrison,48203
Baraga,26013
Rogers,40131
Boone,29019
Caddo,40015
Jefferson,8059
Cabell,54011
Reagan,48383
Van Buren,5141
Summit,8117
Cowley,20035
Johnson,5071
Hamilton,36041
Craig,51045
Coleman,48083
Navajo,4017
Lincoln,28085
Ochiltree,48357
Crane,48103
Big Horn,56003
Hickman,47081
Tunica,28143
Harrison,29081
Bartholomew,18005
Paulding,13223
Brown,39015
Putnam,47141
Ward,38101
Worcester,25027
Logan,39091
Kings,6031
San Diego,6073
Crawford,13079
Cass,29037
Dutchess,36027
Washington,48477
Pueblo,8101
Douglas,29067
Bottineau,38009
Cumberland,37051
Hot Springs,56017
Alcona,26001
Placer,6061
Searcy,5129
Lynn,48305
Otsego,36077
Richmond,37153
Hoke,37093
Otoe,31131
Cameron,42023
Dorchester,45035
Waseca,27161
Brule,46015
Warren,47177
Clark,17023
Robertson,21201
Lake,47095
Berkeley,45015
Garland,5051
Osage,20139
Trumbull,39155
Mills,48333
Oldham,48359
Butler,42019
Idaho,16049
Marion,20115
Buckingham,51029
Cabarrus,37025
Webster,29225
Davis,49011
Cottonwood,27033
Okeechobee,12093
Union,13291
Black Hawk,19013
Sabine,48403
Pike,39131
Tuscaloosa,1125
Wilcox,1131
Montgomery,28097
Kearney,31099
Hitchcock,31087
New Castle,10003
Teton,16081
Rock Island,17161
Gloucester,51073
Sevier,5133
Cass,18017
Power,16077
Carroll,18015
Philadelphia,42101
Washakie,56043
Camden,37029
Tompkins,36109
Jefferson,5069
Lincoln,5079
Vernon,55123
Iron,29093
Hopkins,48223
Albany,36001
Houston,48225
Monroe,39111
Rush,20165
Montgomery,18107
Stanton,20187
Lee,21129
Koochiching,27071
Bexar,48029
Boulder,8013
Jefferson,47089
Mayes,40097
Watonwan,27165
Blaine,16013
Jefferson Davis,22053
Sully,46119
Denver,8031
Coal,40029
Carter,30011
Upton,48461
Gibson,18051
Kimball,31105
Kendall,17093
District of Columbia,11001
Montrose,8085
Wright,27171
Kenosha,55059
Eagle,8037
San Francisco,6075
San Miguel,8113
St. Johns,12109
Choctaw,28019
Grundy,29079
Lake,26085
Ottawa,26139
Cook,17031
Gallatin,17059
Greenwood,45047
Franklin,20059
Clay,27027
Haywood,47075
Box Elder,49003
Tippah,28139
Marshall,54051
Jackson,54035
Elmore,16039
Baltimore,24005
Benson,38005
Pike,29163
Lawrence,39087
Scott,29201
Adams,39001
Erath,48143
Habersham,13137
Wilkinson,13319
Monongalia,54061
Crawford,39033
DeSoto,12027
New London,9011
Guernsey,39059
Barry,26015
Stone,29209
Richmond,51760
Stokes,37169
Clarke,19039
Fayette,19065
Marin,6041
Randall,48381
Rusk,48401
Warren,19181
Van Wert,39161
Glades,12043
Meriwether,13199
Costilla,8023
Coryell,48099
Adair,19001
Chattahoochee,13053
Mariposa,6043
Howard,29089
Marion,41047
Milwaukee,55079
Scott,27139
Pickaway,39129
Powhatan,51145
Broomfield,8014
Lawrence,47099
Antrim,26009
Marlboro,45069
Benewah,16009
Lee,17103
Nemaha,31127
Carteret,37031
Pottawatomie,20149
Jackson,26075
Comal,48091
Nantucket,25019
Bamberg,45009
Aransas,48007
Berrien,13019
Vermillion,18165
Roscommon,26143
Alleghany,37005
Lassen,6035
Falls Church,51610
Manatee,12081
Muskingum,39119
Chaffee,8015
Crowley,8025
Fremont,8043
Pearl River,28109
Perry,28111
Custer,31041
Calhoun,12013
Kenton,21117
Chickasaw,19037
DeKalb,17037
Hancock,19081
Stark,38089
Luce,26095
Carter,40019
Pasquotank,37139
Taos,35055
Bolivar,28011
Nye,32023
Hawkins,47073
Bowman,38011
Fulton,42057
Lafayette,22055
Jack,48237
Stark,17175
Greer,40055
Hemphill,48211
Nez Perce,16069
Walworth,46129
Napa,6055
Cotton,40033
Washington,29221
Cayuga,36011
Shackelford,48417
San Jacinto,48407
Dubuque,19061
Goochland,51075
Sherman,20181
Richland,39139
Adams,17001
Champaign,39021
Sullivan,33019
Iroquois,17075
Poweshiek,19157
Wayne,39169
Fayette,13113
Hancock,13141
Kendall,48259
Greene,36039
Orange,51137
McCurtain,40089
Tift,13277
Cass,31025
Kingsbury,46077
Converse,56009
Herkimer,36043
Logan,38047
Gogebic,26053
Becker,27005
Marshall,1095
Union,47173
Mineral,54057
Ashland,55003
Ford,17053
Emmons,38029
Shasta,6089
Vermilion,22113
Randolph,5121
Oneida,55085
East Carroll,22035
East Feliciana,22037
St. Bernard,22087
Wharton,48481
Floyd,48153
Madison,21151
Blount,47009
Gallatin,30031
Darlington,45031
Escambia,1053
Haralson,13143
Allen,20001
Douglas,17041
Greene,51079
Waushara,55137
Izard,5065
Monterey,6053
Grant,35017
Miller,29131
Wilkes,37193
Platte,29165
Buchanan,29021
Limestone,1083
Henry,18065
Polk,31143
Ottawa,39123
Norman,27107
Shelby,19165
Carroll,24013
Benton,19011
Martin,21159
Chisago,27025
Owsley,21189
Bradford,42015
Hancock,54029
Cole,29051
Berrien,26021
Huntingdon,42061
Dawes,31045
Patrick,51141
Montmorency,26119
Oscoda,26135
Colfax,35007
St. Clair,17163
Washington,17189
Bedford,42009
Scott,5127
Labette,20099
Lawrence,42073
Harrison,39067
Alexander,37003
Cape May,34009
Cheshire,33005
Marshall,27089
King William,51101
Huerfano,8055
Karnes,48255
Chester,47023
Scott,17171
Millard,49027
Morgan,49029
Kaufman,48257
Greenlee,4011
Maricopa,4013
Ogemaw,26129
Jackson,47087
Richland,17159
Blount,1009
Liberty,30051
Duval,48131
Ralls,29173
Johnson,48251
Clay,13061
Grant,41023
Coos,41011
Franklin,48159
Warren,36113
Madison,51113
Atoka,40005
Menard,17129
Bartow,13015
Lake,12069
Okmulgee,40111
Sheridan,38083
Fulton,18049
Johnson,20091
Calvert,24009
Washburn,55129
Jefferson,53031
Winona,27169
Warren,28149
Andrew,29003
Montgomery,29139
Cherokee,20021
Halifax,37083
Sandoval,35043
Clay,21051
Clinton,42035
Linn,41043
Lafayette,55065
Washington,40147
Preston,54077
Waupaca,55135
Edwards,48137
Lake,41037
Ozark,29153
Waller,48473
Monroe,1099
Essex,50009
Lunenburg,51111
Traill,38097
Hall,13139
Treutlen,13283
Calhoun,13037
Vilas,55125
Beltrami,27007
Dorchester,24019
Columbia,42037
Clark,39023
Maverick,48323
Pima,4019
Cibola,35006
Burlington,34005
Rutland,50021
Early,13099
Dukes,25007
McHenry,38049
Wayne,31179
LaMoure,38045
Butte,16023
Coos,33007
Kidder,38043
Kleberg,48273
Porter,18127
Newton,28101
Sampson,37163
Moore,47127
Pinellas,12103
Hamilton,17065
Perry,5105
Cheyenne,20023
Delta,8029
Wayne,19185
Gaines,48165
Marion,1093
Watauga,37189
Roanoke,51770
Martin,48317
Bowie,48037
Weber,49057
Marion,29127
Jefferson,36045
Jackson,19097
Nelson,38063
Clinton,36019
Garfield,8045
Ray,29177
Hocking,39073
Lowndes,1085
Candler,13043
Linn,19113
Trinity,6105
Muscogee,13215
Tallahatchie,28135
Atchison,20005
Andrews,48003
Miami,39109
Potter,48375
Seminole,40133
Aiken,45003
Mendocino,6045
Chesapeake,51550
Sweetwater,56037
Garza,48169
Hardy,54031
Ozaukee,55089
Sullivan,47163
Laurens,45059
Crook,56011
Sheboygan,55117
Hampden,25013
Caldwell,48055
Cloud,20029
Inyo,6027
Coosa,1037
Dickinson,19059
Harlan,21095
Geary,20061
Berks,42011
Carter,47019
Lyon,27083
Charlotte,51037
Washington,47179
Newberry,45071
Isle of Wight,51093
Wheeler,41069
Butler,29023
Iberville,22047
Sharkey,28125
Fauquier,51061
Radford,51750
Douglas,32005
Franklin,12037
Greene,18055
Rush,18139
Washington,55131
Laclede,29105
Mercer,42085
Craighead,5031
Saline,29195
White,17193
De Witt,17039
White Pine,32033
Goodhue,27049
Swain,37173
Pasco,12101
Sumter,12119
Nassau,36059
Steele,38091
Vanderburgh,18163
Franklin,29071
Avery,37011
Wood,54107
Bayfield,55007
Stewart,47161
Portage,55097
Lexington,45063
Anne Arundel,24003
Fond du Lac,55039
Webster,54101
Kewaunee,55061
Parmer,48369
Woods,40151
Elliott,21063
Berkshire,25003
Chariton,29041
Rio Blanco,8103
Morgan,8087
Malheur,41045
Middlesex,34023
Russell,20167
Putnam,17155
Haakon,46055
Macon,47111
Cleburne,5023
Pike,1109
Adams,16003
Bristol,25005
Schuylkill,42107
Wells,38103
Cleveland,37045
Hot Spring,5059
Frederick,24021
Schuyler,17169
Mono,6051
Tuolumne,6109
Do√±a Ana,35013
Crisp,13081
Columbia,5027
Griggs,38039
Solano,6095
Clayton,19043
Titus,48449
Hampshire,54027
Moore,37125
Barton,20009
Slope,38087
Richland,22083
Garfield,31071
St. Martin,22099
Sumter,1119
Winston,1133
Seminole,12117
Forrest,28035
Ingham,26065
Shawnee,20177
Hanson,46061
Itasca,27061
Lincoln,8073
Madison,36053
Washington,36115
Johnson,18081
Terry,48445
Harding,35021
Talladega,1121
Langlade,55067
Foard,48155
Buena Vista,19021
Mills,19129
Real,48385
Delaware,39041
Forsyth,37067
Carson City,32510
Dallas,19049
Carson,48065
Sumter,13261
Wayne,29223
Anderson,45007
Carbon,56007
Silver Bow,30093
Stephenson,17177
Lapeer,26087
Claiborne,22027
Yalobusha,28161
Kalkaska,26079
Evangeline,22039
Hardeman,47069
Cochise,4003
Hidalgo,35023
Divide,38023
San Bernardino,6071
Montezuma,8083
Clarke,28023
Marion,19125
Douglas,31055
Fairfax,51600
Harmon,40057
Cedar,29039
Clarke,13059
Valley,16085
Knox,48275
Ouachita,5103
Darke,39037
Kay,40071
Dewey,46041
Tillamook,41057
Coweta,13077
Simpson,28127
Stone,28131
Contra Costa,6013
Carroll,47017
Henrico,51087
Owen,18119
Westchester,36119
Bollinger,29017
McDowell,54047
Harrison,54033
Granville,37077
New Haven,9009
Pierce,31139
Bleckley,13023
Burke,13033
Union,17181
Kankakee,17091
McIntosh,38051
Platte,31141
Warren,37185
Marion,13197
Clay,46027
Sussex,10005
Jasper,13159
Randolph,29175
Butler,20015
Hays,48209
Medina,48325
Mason,26105
Beaufort,45013
Yankton,46135
Rock,55105
Pickens,45077
Columbia,53013
Clinton,18023
Clinton,17027
Minidoka,16067
Sullivan,42113
Rankin,28121
Motley,48345
Lane,41039
Wichita,48485
Shiawassee,26155
Jewell,20089
Mitchell,20123
Bradford,12007
Marion,28091
George,28039
Jo Daviess,17085
Hancock,18059
Franklin,51620
Midland,48329
Scott,20171
Cascade,30013
Harrisonburg,51660
Williamson,17199
Flathead,30029
Stevens,20189
Fayette,21067
Hancock,21091
Brown,46013
Barbour,54001
Wayne,47181
Box Butte,31013
Northumberland,42097
Victoria,48469
Buena Vista,51530
St. Clair,26147
Thurston,31173
Lamoille,50015
Franklin,51067
Blaine,40011
Kittitas,53037
Randolph,18135
Kane,49025
Tucker,54093
Crawford,55023
Jackson,1071
Mahaska,19123
Douglas,20045
Daviess,21059
Powell,21197
Jasper,29097
Union,41061
Henry,13151
Adams,38001
Pamlico,37137
Graves,21083
Cambria,42021
McMinn,47107
Livingston,26093
Adams,8001
Lackawanna,42069
Pontotoc,40123
Creek,40037
Tyler,48457
Van Buren,47175
Pottawatomie,40125
Tolland,9013
Socorro,35053
Atkinson,13003
Duval,12031
Falls,48145
Yell,5149
Comanche,20033
Jessamine,21113
Monroe,21171
Kiowa,40075
Lake,46079
Caswell,37033
Presidio,48377
Greene,39057
Willacy,48489
Los Alamos,35028
Baldwin,1003
Appanoose,19007
New Kent,51127
Talbot,13263
Lewis,36049
Clay,54015
Jefferson,18077
Bedford,51019
Mora,35033
Boone,31011
Oregon,29149
Houston,47083
Wyoming,42131
Lenoir,37107
Vigo,18167
Elkhart,18039
Grayson,51077
Lubbock,48303
Meeker,27093
Ashland,39005
Madison,31119
Martin,12085
Mineral,8079
Dawson,13085
Johnson,13167
Monroe,5095
Dallas,29059
Pittsylvania,51143
Pawnee,20145
Wyandotte,20209
Dixie,12029
Tuscola,26157
Graham,20065
St. Landry,22097
Giles,47055
Lucas,39095
Mississippi,5093
Floyd,18043
Morton,20129
Grant,21081
Taylor,21217
Graham,37075
Logan,54045
Pleasants,54073
Giles,51071
Fayette,54019
Snohomish,53061
Eddy,35015
McPherson,31117
Red Willow,31145
Rock,31149
Humphreys,47085
Mason,17125
Wythe,51197
Washington,13303
Yakima,53077
Washington,5143
Henderson,48213
Eau Claire,55035
Sequatchie,47153
Walker,48471
Coconino,4005
Sumner,20191
Oceana,26127
Kanabec,27065
Ashtabula,39007
Alpine,6003
Galveston,48167
Bullock,1011
Livingston,17105
Preble,39135
Jackson,39079
Harris,48201
Middlesex,25017
Dawson,48115
Ontario,36069
Autauga,1001
Miami,20121
Dodge,13091
Cortland,36023
Camden,13039
Washtenaw,26161
LaGrange,18087
Pecos,48371
Peach,13225
White,13311
Jefferson,13163
Oconto,55083
Nacogdoches,48347
Washington,44009
Okanogan,53047
Spokane,53063
Forest,55041
Sawyer,55113
Hudson,34017
Stark,39151
Guadalupe,48187
Island,53029
Jefferson,54037
Prince William,51153
Chester,42029
Mercer,54055
Roane,47145
Clallam,53009
Stevens,53065
Van Buren,19177
Gosper,31073
Monroe,28095
Escambia,12033
Tarrant,48439
Prince George's,24033
Scott,51169
Jackson,48239
Love,40085
Twiggs,13289
Mahoning,39099
Macon,1087
Wayne,17191
Swisher,48437
Osage,29151
Kane,17089
El Dorado,6017
Kershaw,45055
Gates,37073
Otero,8089
Douglas,41019
Monroe,42089
Newton,5101
Cavalier,38019
Noble,40103
Gove,20063
Pointe Coupee,22077
Gage,31067
St. Clair,1115
Scott,28123
Dougherty,13095
Harrison,18061
Bonner,16017
Catoosa,13047
LaSalle,22059
Waldo,23027
Howard,24027
Salt Lake,49035
Hartford,9003
Windham,9015
Monroe,12087
Tuscarawas,39157
Richmond,36085
Highland,39071
Lake of the Woods,27077
Bingham,16011
Greenville,45045
Lyman,46085
Trempealeau,55121
Yolo,6113
Sterling,48431
Winkler,48495
Jackson,46071
Sevier,49041
Charles City,51036
Choctaw,1023
Knox,18083
Dawson,31047
Ford,20057
Williams,38105
Cass,38017
Hardin,17069
Arthur,31005
Frio,48163
Johnson,19103
Neosho,20133
Greenup,21089
Linn,20107
Garfield,49017
Eureka,32011
Hayes,31085
Phillips,8095
Calhoun,5013
Henderson,21101
Holmes,28051
Oktibbeha,28105
Fergus,30027
Garrett,24023
Webster,22119
Hillsdale,26059
Logan,21141
Custer,46033
Merrimack,33013
York,42133
Rutherford,37161
Beadle,46005
Cullman,1043
Douglas,13097
Johnson,31097
Washington,37187
Jones,46075
Anson,37007
Billings,38007
Antelope,31003
Gasconade,29073
Butler,21031
Campbell,56005
Morgan,13211
Cross,5037
Phillips,5107
St. James,22093
Yuba,6115
Shelby,1117
Ouray,8091
Curry,35009
Washita,40149
Orange,37135
Pulaski,18131
Benzie,26019
Erie,36029
Montgomery,24031
Manassas Park,51685
Arlington,51013
Carroll,51035
St. Charles,29183
San Benito,6069
Queen Anne's,24035
Brown,20013
Bulloch,13031
Floyd,21071
Broadwater,30007
Wheeler,13309
Craven,37049
Holt,29087
Lipscomb,48295
Columbia,41009
Florence,45041
Mountrail,38061
Washington,49053
Big Horn,30003
Elk,42047
Sioux,31165
Covington,28031
Brown,18013
Clark,18019
Boyle,21021
Estill,21065
Collingsworth,48087
Colorado,48089
Grundy,17063
Lincoln,27081
Evans,13109
Wise,48497
Webster,13307
Jones,13169
Gwinnett,13135
Polk,55095
Green,55045
Putnam,36079
Newport News,51700
Bent,8011
Jackson,40065
Sanders,30089
Glasscock,48173
Franklin,5047
Major,40093
Montgomery,47125
Pend Oreille,53051
McLean,38055
Hood River,41027
Wright,19197
Shelby,48419
Crawford,29055
Bath,51017
Otter Tail,27111
Plaquemines,22075
Pontotoc,28115
Morehouse,22067
Bullitt,21029
Dallas,1047
Comanche,48093
Lincoln,30053
Cass,27021
Archuleta,8007
Yazoo,28163
Outagamie,55087
Lafayette,29107
Wilson,37195
Morrow,39117
Granite,30039
Foster,38031
Crawford,5033
Burnet,48053
Ste. Genevieve,29186
Gray,48179
McDonough,17109
Montgomery,19137
Jackson,5067
Hudspeth,48229
Rapides,22079
Lincoln,31111
Cass,48067
Henry,47079
Winchester,51840
Duplin,37061
Haywood,37087
Dakota,27037
Harney,41025
Adams,55001
Clark,29045
Boone,21015
Washington,21229
Avoyelles,22009
Tate,28137
Worth,29227
Sherman,31163
Campbell,46021
Harding,46063
Gratiot,26057
Union,19175
Massac,17127
Logan,31113
Merrick,31121
Sheridan,31161
Carlisle,21039
Natrona,56025
Worth,13321
Morgan,18109
Ellis,48139
Pierce,13229
Grant,18053
Flagler,12035
Lawrence,28077
Winn,22127
Henry,17073
Lincoln,41041
York,23031
Codington,46029
Pike,13231
Stewart,13259
Monmouth,34025
Clay,5021
Faulkner,5045
Delaware,40041
Keokuk,19107
Greene,17061
Lake,27075
Troup,13285
Humboldt,6023
Dickson,47043
Anoka,27003
Bon Homme,46009
Greene,47059
Sussex,51183
St. Joseph,18141
Pembina,38067
Bennett,46007
Vernon,22115
Penobscot,23019
Talbot,24041
Stephens,13257
Riverside,6065
Baxter,5005
Attala,28007
Story,19169
Bourbon,20011
Cumberland,51049
Sumter,45085
Wyoming,54109
Kern,6029
Cooke,48097
Orangeburg,45075
Taylor,55119
Mower,27099
Murray,27101
Providence,44007
Phelps,29161
Prentiss,28117
Whitley,21235
Starke,18149
Williamson,48491
Mitchell,19131
Emanuel,13107
Catahoula,22025
Carbon,42025
Pawnee,31133
Unicoi,47171
Spartanburg,45083
Marathon,55073
Elko,32007
Braxton,54007
Wexford,26165
Cochran,48079
Blair,42013
Hickory,29085
Barry,29009
Ramsey,27123
Little River,5081
Lyon,32019
Lee,12071
Josephine,41033
Pike,28113
Coffee,47031
Lemhi,16059
Ohio,21183
Sarpy,31153
Colquitt,13071
Wilkin,27167
Randolph,17157
Kennebec,23011
Smyth,51173
Roosevelt,35041
Somerset,42111
Washington,51191
Guilford,37081
Ada,16001
Custer,40039
Marion,39101
Pike,17149
Woodford,17203
Richmond,13245
Pickens,1107
Ellis,40045
Perry,17145
Grundy,19075
Routt,8107
Somerset,34035
Colusa,6011
Johnson,17087
Hinsdale,8053
Cassia,16031
Isanti,27059
Erie,42049
Copiah,28029
Van Zandt,48467
Roanoke,51161
Augusta,51015
Piute,49031
Mason,21161
Benton,27009
Donley,48129
Bay,12005
Lauderdale,1077
Fountain,18045
Shelby,17173
Fayette,17051
Perry,39127
Danville,51590
Banks,13011
Wayne,13305
Oklahoma,40109
Johnston,40069
Jackson,37099
Summit,49043
Polk,29167
Lander,32015
Winneshiek,19191
Bracken,21023
Florence,55037
Roane,54087
Wadena,27159
Hopewell,51670
Winnebago,17201
Gila,4007
Wicomico,24045
Carter,21043
Iredell,37097
Halifax,51083
Hertford,37091
Montgomery,36057
Pennington,27113
Whatcom,53073
Gilliam,41021
Ocean,34029
Boone,5009
Comanche,40031
Jones,48253
Grimes,48185
Genesee,26049
Assumption,22007
Calhoun,28013
Greene,28041
Custer,30017
Roberts,46109
Ogle,17141
Richland,38077
Barron,55005
Iron,55051
Wabasha,27157
Del Norte,6015
Pushmataha,40127
Chelan,53007
Presque Isle,26141
Cleveland,40027
Sullivan,36105
Polk,37149
Scotland,37165
Harnett,37085
Lee,37105
Tipton,18159
Clay,20027
Wagoner,40145
Richland,30083
Ashley,5003
Desha,5041
Perry,47135
Washington,27163
Portsmouth,51740
Fayette,42051
Grant,54023
Shenandoah,51171
Irion,48235
Caldwell,29025
Putnam,12107
Crawford,18025
Lewis,29111
Grant,31075
Oneida,16071
Moultrie,17139
Hopkins,21107
Clearwater,16035
Bell,21013
Crow Wing,27035
Graham,4009
St. Francis,5123
Echols,13101
Lincoln,20105
Smith,20183
Jefferson,12065
Amite,28005
Montgomery,5097
Calhoun,26025
Cleburne,1029
Weld,8123
Beckham,40009
Modoc,6049
Polk,19153
Liberty,13179
Navarro,48349
Brooks,48047
Williamson,47187
Laramie,56021
Asotin,53003
Traverse,27155
Cass,17017
Rockdale,13247
Juniata,42067
McKean,42083
Garvin,40049
Burt,31021
San Juan,35045
Orleans,36073
De Soto,22031
Fresno,6019
Elbert,13105
Barbour,1005
Bladen,37017
Dallam,48111
Sangamon,17167
Craig,40035
Cumberland,47035
Otsego,26137
Sac,19161
Emery,49015
Ferry,53019
Wibaux,30109
Lincoln,35027
Cherokee,40021
Yellow Medicine,27173
Hunt,48231
Mitchell,48335
Wood,48499
Osage,40113
Cherokee,37039
Mecosta,26107
Pike,21195
Lafayette,12067
Catawba,37035
Breathitt,21025
Childress,48075
Ripley,29181
Tazewell,17179
Jeff Davis,48243
Lexington,51678
Sharp,5135
Larimer,8069
Tyrrell,37177
Rice,27131
Warren,29219
Warren,21227
Caddo,22017
Todd,46121
Marshall,19127
Tillman,40141
Macon,37113
Monroe,54063
Switzerland,18155
Hickman,21105
Geneva,1061
LaSalle,17099
Delaware,19055
Morris,20127
Davis,19051
Boise,16015
Monroe,55081
Perquimans,37143
Hamilton,12047
Delaware,18035
Levy,12075
Hancock,28045
Wilcox,13315
Red River,22081
Knox,47093
Oxford,23017
Jackson,29095
Towns,13281
Smith,28129
Payette,16075
Shoshone,16079
Hyde,37095
Floyd,19067
McCracken,21145
Union,21225
Turner,46125
Cocke,47029
Hancock,47067
Hardin,47071
Marion,45067
Washington,22117
Stoddard,29207
Dooly,13093
Stearns,27145
Saunders,31155
Sherburne,27141
Davison,46035
Claiborne,47025
Montague,48337
Brown,48049
Racine,55101
Shawano,55115
Audubon,19009
Haskell,48207
Logan,40083
Oneida,36065
Lake,8065
Pittsburg,40121
Doddridge,54017
Wirt,54105
Carroll,33003
Tyler,54095
Le Sueur,27079
Douglas,53017
Cattaraugus,36009
Dodge,55027
Jones,19105
Barber,20007
Pulaski,29169
Dale,1045
Logan,20109
Madera,6039
Gentry,29075
Blaine,31009
Daggett,49009
Platte,56031
Gaston,37071
Guadalupe,35019
Golden Valley,30037
Johnston,37101
Santa Clara,6085
Charleston,45019
Benton,53005
Adair,29001
Erie,39043
Vermilion,17183
St. Louis,29189
Boone,17007
Tehama,6103
Dane,55025
Fisher,48151
Sabine,22085
Morgan,17137
Pulaski,13235
Bertie,37015
Stanly,37167
Rhea,47143
Greene,37079
Leslie,21131
Somerset,24039
Marshall,17123
Lyon,21143
Concho,48095
Coke,48081
Overton,47133
Huron,26063
Iosco,26069
Coffee,13069
Ware,13299
Grant,38037
Jefferson,22051
St. Tammany,22103
Hardin,19083
Cameron,22023
Clinton,39027
St. Louis,27137
Lorain,39093
Boone,19015
Polk,48373
Dixon,31051
Harford,24025
Edgefield,45037
Accomack,51001
Calumet,55015
Knox,21121
Ionia,26067
New Hanover,37129
Obion,47131
Calloway,21035
Albemarle,51003
Robertson,47147
Clarke,51043
Garfield,53023
Jackson,21109
Cook,27031
Oconee,45073
East Baton Rouge,22033
Claiborne,28021
St. Mary's,24037
Kent,26081
Pitt,37147
Carbon,30009
Stanton,31167
Appling,13001
Jasper,19099
Wayne,28153
Cottle,48101
Greensville,51081
Polk,12105
Young,48503
Tallapoosa,1123
Rockingham,33015
Rio Grande,8105
Plymouth,19149
Yates,36123
King,53033
Deschutes,41017
Pottawattamie,19155
Wright,29229
Toole,30101
Tioga,36107
Lee,48287
Fulton,13121
Cherokee,48073
Audrain,29007
Colleton,45029
Jefferson,55055
Greene,5055
Hall,48191
Burnett,55013
Torrance,35057
Pacific,53049
Pender,37141
Hood,48221
Stanley,46117
Washoe,32031
Ballard,21007
Archer,48009
Baylor,48023
San Augustine,48405
Storey,32029
Schley,13249
Fairfield,9001
Madison,48313
San Joaquin,6077
Winston,28159
Henry,21103
Mercer,21167
Wheeler,31183
Lewis,21135
Grant,27051
Humphreys,28053
Clarke,1025
Chase,20017
Trigg,21221
Houston,1069
Aurora,46003
Franklin,31061
Kent,24029
Crawford,20037
Chippewa,27023
Pennington,46103
Hampton,45049
Fremont,16043
Bryan,13029
Dinwiddie,51053
St. Lucie,12111
Monroe,36055
Lincoln,46083
Chippewa,55017
Woodson,20207
Marshall,21157
Clinch,13065
Lowndes,13185
Macomb,26099
Turner,13287
Jasper,17079
Milam,48331
Spencer,18147
Hart,21099
Lincoln,21137
Blaine,30005
Norfolk,51710
Reeves,48389
Pulaski,51155
Union,37179
McKenzie,38053
Okaloosa,12091
Alameda,6001
Calhoun,17013
Kosciusko,18085
Noxubee,28103
Woodruff,5147
Gloucester,34015
Hillsborough,33011
Judith Basin,30045
Mitchell,37121
Powell,30077
Polk,41053
Wasco,41065
Perkins,46105
Taylor,19173
Washington,1129
Defiance,39039
Greenbrier,54025
Marion,17121
Dickenson,51051
Amelia,51007
Randolph,13243
Luna,35029
Nueces,48355
Weston,56045
Warren,17187
Madison,1089
Wilson,47189
Camp,48063
Jefferson,40067
Ritchie,54085
Page,19145
Jefferson,20087
Iberia,22045
Onslow,37133
Faribault,27043
Grainger,47057
Freestone,48161
Mifflin,42087
Crenshaw,1041
Bristol,51520
Runnels,48399
Terrell,48443
Rawlins,20153
Thomas,20193
Jeff Davis,13161
Cherokee,19035
White,5145
Leflore,28083
Cooper,29053
Dickinson,26043
Will,17197
Deaf Smith,48117
Brookings,46011
Clay,29047
Coahoma,28027
Boone,18011
Des Moines,19057
Scott,19163
Ottawa,20143
Columbia,12023
Holmes,12059
Harrison,28047
Bradley,47011
Carlton,27017
Marion,48315
Schoharie,36095
Pawnee,40117
Broome,36007
Liberty,48291
Athens,39009
Jefferson,39081
Randolph,54083
Marion,54049
Cumberland,34011
Nevada,6057
Douglas,55031
Pulaski,21199
Edgecombe,37065
Jasper,48241
Beaver,49001
Murray,13213
Jay,18075
Montcalm,26117
Rensselaer,36083
Collier,12021
McKinley,35031
Ben Hill,13017
Lee,5077
Baker,12003
Lanier,13173
Rice,20159
Calhoun,1015
Jackson,28059
Campbell,21037
Cumberland,21057
Panola,28107
Hansford,48195
Chambers,48071
Quitman,13239
Hardin,48199
Litchfield,9005
Sandusky,39143
Piscataquis,23021
Pulaski,17153
Okfuskee,40107
Saginaw,26145
Rio Arriba,35039
Caledonia,50005
Botetourt,51023
Madison,17119
Collin,48085
Abbeville,45001
Dodge,31053
Sarasota,12115
Marquette,55077
Mohave,4015
Yavapai,4025
Horry,45051
Montgomery,42091
Lewis,16061
Norton,51720
Morris,34027
Sullivan,29211
Ness,20135
Brazoria,48039
Staunton,51790
Chase,31029
Montgomery,39113
Throckmorton,48447
Oglethorpe,13221
Conway,5029
Nodaway,29147
Ransom,38073
Bay,26017
Shelby,47157
Butte,6007
Pine,27115
Bastrop,48021
Klickitat,53039
San Juan,53055
Brown,55009
Wilson,20205
Natchitoches,22069
Terrebonne,22109
Irwin,13155
Arenac,26011
Lee,19111
Osborne,20141
Emmet,26047
Fremont,19071
Lincoln,23015
Seneca,36099
Laurel,21125
Meigs,47121
Taney,29213
Taylor,13269
Williamsburg,51830
Scurry,48415
Gilpin,8047
McClain,40087
Pendleton,54071
Page,51139
Le Flore,40079
Summers,54089
Mecklenburg,37119
Essex,34013
Linn,29115
Montgomery,13209
Sherman,41055
Greene,13133
Buffalo,46017
Mellette,46095
Ector,48135
Limestone,48293
Grays Harbor,53027
Berkeley,54003
Park,30067
Denton,48121
Cherokee,45021
Yancey,37199
Red River,48387
Matagorda,48321
Stevens,27149
Warren,13301
Hardeman,48197
Monroe,17133
Jenkins,13165
Grayson,21085
Palo Pinto,48363
Heard,13149
Lawrence,1079
Marshall,28093
Clark,20025
Haskell,20081
Bienville,22013
Walker,13295
Iowa,19095
Buffalo,31019
Beaver,40007
Butler,19023
Roosevelt,30085
Cowlitz,53015
Live Oak,48297
Moniteau,29135
Westmoreland,51193
Yadkin,37197
Merced,6047
Dewey,40043
Burke,37023
Wayne,37191
Warren,42123
Howard,5061
Davie,37059
McDowell,37111
Nevada,5099
Yuma,8125
Sherman,48421
Uvalde,48463
Auglaize,39011
Bossier,22015
Emmet,19063
Saline,20169
Magoffin,21153
Bailey,48017
Callaway,29027
Albany,56001
Park,56029
Montour,42093
Queens,36081
Suwannee,12121
Cheboygan,26031
Gladwin,26051
Montgomery,21173
Lancaster,45057
Larue,21123
Woodbury,19193
Taylor,12123
Alexander,17003
Jefferson,29099
Lincoln,29113
Chatham,13051
Union,12125
Genesee,36037
Clay,19041
Fallon,30025
Potter,46107
Culberson,48109
Cumberland,23005
Atascosa,48013
Kingman,20095
Rabun,13241
Upshur,54097
Texas,29215
Pulaski,5119
Crawford,19047
Bannock,16005
Geauga,39055
Tulare,6107
Wayne,36117
Rockbridge,51163
Towner,38095
Delaware,42045
Niagara,36063
Bennington,50003
Clay,12019
Wake,37183
Hamilton,39061
Bergen,34003
Lincoln,32017
McCone,30055
Buchanan,19019
DuPage,17043
Fall River,46047
Kittson,27069
Oconee,13219
Wilson,48493
Fillmore,31059
Madison,12079
Sullivan,18153
La Paz,4012
Brooks,13027
Stafford,20185
Telfair,13271
Monroe,26115
White,18181
Noble,18113
Livingston,21139
Miller,13201
Lincoln,47103
Shelby,21211
York,31185
Adams,42001
Allendale,45005
Davidson,47037
Uintah,49047
Utah,49049
Clay,18021
Kings,36047
Morgan,29141
Holmes,39075
Osceola,19143
Jennings,18079
Twin Falls,16083
Saline,17165
Kalamazoo,26077
Lee,45061
Johnson,56019
Daviess,18027
Grand Traverse,26055
Allen,22003
Hughes,46065
Hyde,46069
Clarendon,45027
Stillwater,30095
Bledsoe,47007
Todd,21219
Weakley,47183
Greene,29077
Lehigh,42077
Seward,31159
Chemung,36015
Wyoming,36121
Stanislaus,6099
Northampton,42095
Morgan,1103
Breckinridge,21027
Grenada,28043
Simpson,21213
Grand Isle,50013
Columbiana,39029
Nelson,51125
Osceola,12097
Grant,5053
Laurens,13175
New York,36061
Benton,5007
Marion,12083
Nottoway,51135
Warren,34041
Columbia,36021
Martinsville,51690
Choctaw,40023
Dickinson,20041
Starr,48427
Effingham,13103
Roger Mills,40129
Richland,55103
Lea,35025
Lamar,1075
Marshall,47117
Appomattox,51011
Madison,5087
Sheridan,56033
Cumberland,42041
Franklin,42055
Luzerne,42079
Crawford,26039
Russell,1113
Carroll,39019
Fluvanna,51065
Lake,17097
Madison,13195
Dallas,5039
Jackson,8057
Kit Carson,8063
Owyhee,16073
Wood,55141
Chautauqua,36013
Cobb,13067
Johnson,47091
Belmont,39013
Wise,51195
Carter,29035
Bryan,40013
Clay,31035
Charles,24017
Cerro Gordo,19033
Greene,19073
Rowan,21205
Wayne,49055
Cape Girardeau,29031
Walla Walla,53071
Mississippi,29133
Cleveland,5025
Dallas,48113
DeKalb,18033
Ouachita,22073
St. John the Baptist,22095
St. Helena,22091
Schuyler,29197
Franklin,1059
Carroll,21041
Clear Creek,8019
Kimble,48267
Mackinac,26097
McCulloch,48307
Tishomingo,28141
Crockett,48105
Hill,48217
Logan,8075
Finney,20055
Montgomery,20125
Fairfield,45039
Cheyenne,31033
Martin,27091
Sevier,47155
Polk,47139
Kent,48263
Teton,30099
Garden,31069
Macoupin,17117
Ross,39141
Whiteside,17195
El Paso,48141
Loving,48301
Latimer,40077
Washington,39167
Howell,29091
Edwards,20047
Jefferson,21111
Logan,17107
Winnebago,55139
Fulton,21075
Harvey,20079
Dawson,30021
Taylor,54091
Midland,26111
Quitman,28119
Hardin,21093
Jefferson,17081
Hamlin,46057
Lincoln,55069
Franklin,36033
Fredericksburg,51630
Raleigh,54081
Chaves,35005
Santa Fe,35049
Orange,6059
Santa Cruz,4023
Currituck,37053
Lawrence,17101
Howard,18067
Pike,18125
Christian,21047
Eaton,26045
Wapello,19179
Imperial,6025
Cass,26027
Wilkinson,28157
Sheridan,20179
Leake,28079
Clay,28025
Franklin,28037
Neshoba,28099
Edmunds,46045
Conecuh,1035
Dearborn,18029
Jackson,18071
Lee,28081
West Feliciana,22125
Crittenden,5035
Jackson,12063
Dickens,48125
Mathews,51115
Renville,38075
La Salle,48283
Onondaga,36067
Henry,19087
Harlan,31083
Powder River,30075
Pepin,55091
Apache,4001
Macon,29121
Lamb,48279
Kiowa,20097
Austin,48015
Daviess,29061
Seminole,13253
Manistee,26101
Lyon,19119
Hutchinson,48233
Texas,40139
Woodward,40153
Adams,19003
Sutter,6101
Potter,42105
Val Verde,48465
Harper,20077
Monona,19133
Juab,49023
Stephens,40137
Chenango,36017
Peoria,17143
Humboldt,19091
Washington,31177
Iowa,55049
Morrison,27097
Allegheny,42003
Shelby,29205
Madison,39097
Washington,20201
Champaign,17019
Washington,16087
Edgar,17045
Washington,8121
Hardin,39065
Missaukee,26113
Stutsman,38093
Shannon,29203
Smith,48423
Tulsa,40143
McIntosh,40091
Robertson,48395
Gillespie,48171
Oakland,26125
Golden Valley,38033
Niobrara,56027
Pipestone,27117
King George,51099
Grant,53025
Renville,27129
Alachua,12001
Hooker,31091
Prince Edward,51147
Carbon,49007
Bucks,42017
Hand,46059
Lycoming,42081
Latah,16057
Putnam,13237
Galax,51640
Quay,35037
King,48269
Lafayette,5073
Tom Green,48451
Hardee,12049
Clermont,39025
Yoakum,48501
Yamhill,41071
Louisa,19115
Elk,20049
Noble,39121
Putnam,39137
Somervell,48425
Lebanon,42075
Glacier,30035
Pershing,32027
Mahnomen,27087
Passaic,34031
Lake,30047
Kenedy,48261
Borden,48033
Perry,29157
San Saba,48411
Kingfisher,40073
Burleson,48051
Fulton,36035
Sunflower,28133
Hennepin,27053
Centre,42027
Bee,48025
Henderson,47077
Tama,19171
Seward,20175
Monroe,19135
Richardson,31147
Christian,17021
Nassau,12089
Washington,12133
Baker,13007
Thomas,13275
Anderson,21005
Oldham,21185
Cherokee,13057
Oliver,38065
Osceola,26133
McNairy,47109
Adams,53001
Dade,29057
St. Mary,22101
Chittenden,50007
Lafourche,22057
Muscatine,19139
Santa Rosa,12113
Martin,18101
Rockcastle,21203
Trimble,21223
Chattooga,13055
Dillon,45033
Jones,37103
Scotland,29199
Nemaha,20131
Norton,20137
Furnas,31065
Decatur,13087
Wayne,18177
Barren,21009
Howard,31093
Dunn,38025
Amador,6005
Fentress,47049
Coffey,20031
Branch,26023
Campbell,51031
Meigs,39105
Nicholas,54067
Grant,40053
Spink,46115
Windsor,50027
Trinity,48455
Bernalillo,35001
Mitchell,13205
McCreary,21147
Pendleton,21191
Spencer,21215
Hill,30041
Valley,31175
Castro,48069
Washington,24043
Letcher,21133
Salem,34033
Lynchburg,51680
Saline,5125
Mason,54053
Gilmer,54021
Jefferson,28063
Rolette,38079
Treasure,30103
Clark,21049
Allegan,26005
Benton,47005
Brown,27015
Pickett,47137
Louisa,51109
Shelby,18145
Franklin,39049
Iron,49021
Esmeralda,32009
Keweenaw,26083
Sanpete,49039
Kearny,20093
Brevard,12009
Monroe,18105
Lucas,19117
Woodford,21239
Jasper,45053
Brewster,48043
McCormick,45065
Union,45087
Nicollet,27103
Marinette,55075
Clark,53011
Price,55099
Miami,18103
Ellsworth,20053
West Carroll,22123
Liberty,12077
Hodgeman,20083
Meade,20119
McLean,21149
Adams,28001
Itawamba,28057
Franklin,21073
Hancock,23009
Knox,23013
Newton,13217
Faulk,46049
Houghton,26061
Mineral,30061
Franklin,47051
Concordia,22029
Livingston,22063
Essex,25009
Butte,46019
Douglas,8035
Richland,45079
Madison,18095
Murray,40099
Brooke,54009
Calhoun,54013
Bland,51021
Yellowstone,30111
Lincoln,54043
Lake,6033
Grady,13131
Conejos,8021
San Juan,49037
Putnam,18133
Gooding,16047
Tipton,47167
West Baton Rouge,22121
Putnam,29171
Teton,56039
Grant,55043
Morton,38059
Chowan,37041
Buncombe,37021
Plumas,6063
Petersburg,51730
Washington,50023
Meade,46093
Marion,18097
Chicot,5017
Bibb,13021
Pope,5115
Southampton,51175
Gregg,48183
Rockland,36087
Marion,5089
Suffolk,51800
El Paso,8041
St. Francois,29187
Ward,48475
Kiowa,8061
Wilbarger,48487
Curry,41015
Teller,8119
Clinton,29049
Wasatch,49051
Caribou,16029
Rockingham,37157
Prairie,5117
Bradley,5011
Hamilton,48193
Caroline,24011
Douglas,27041
Jefferson,30043
Fairfax,51059
Deer Lodge,30023
Anderson,47001
Huron,39077
Bacon,13005
Kent,10001
Wood,39173
Jackson,13157
Anderson,20003
Knox,17095
Wheatland,30107
Cannon,47015
Franklin,23007
Menifee,21165
McPherson,46089
Gunnison,8051
Charlevoix,26029
Swift,27151
Seneca,39147
Tattnall,13267
Stephens,48429
Martin,37117
Ravalli,30081
Wilkes,13317
Lincoln,53043
San Mateo,6081
Williams,39171
Baca,8009
Boundary,16021
Bear Lake,16007
Union,39159
Cuyahoga,39035
Lavaca,48285
Nowata,40105
Glascock,13125
Umatilla,41059
Oglala Lakota,46102
Marshall,20117
Madison,22065
Valley,30105
Whitfield,13313
Wichita,20203
Charles Mix,46023
Cedar,31027
Kitsap,53035
McHenry,17111
Petroleum,30069
Carroll,29033
Whitman,53075
Steele,27147
Thayer,31169
Crockett,47033
Hamilton,19079
Warren,39165
Spalding,13255
Hunterdon,34019
Vernon,29217
Parke,18121
Franklin,19069
Butts,13035
Elbert,8039
Bristol,44001
Bosque,48035
Newport,44005
Fairfield,39045
Pierce,38069
Carroll,17015
Red Lake,27125
Jefferson,41031
Cheatham,47021
Union,46127
Elmore,1051
Lumpkin,13187
Knox,39083
Bremer,19017
Goliad,48175
Henderson,37089
Indian River,12061
Roberts,48393
Deuel,31049
Livingston,36051
O'Brien,19141
Callahan,48059
Rains,48379
Grant,20067
Lee,51105
Sierra,35051
Drew,5043
Morrill,31123
Benton,29015
Pike,5109
Mesa,8077
Dent,29065
Tazewell,51185
Pike,42103
Susquehanna,42115
Morris,48343
Washington,42125
Addison,50001
Leavenworth,20103
Muskegon,26121
Hinds,28049
Lampasas,48281
Loudoun,51107
St. Clair,29185
Delaware,36025
Phillips,30071
Mercer,29129
Mason,53045
Nash,37127
York,51199
Pettis,29159
Missoula,30063
Chautauqua,20019
Upshur,48459
Culpeper,51047
Haskell,40061
Ohio,54069
Morgan,54065
Rockingham,51165
Whitley,18183
Siskiyou,6093
Day,46037
Orleans,22071
Jefferson,1073
Walker,1127
DeKalb,29063
Gadsden,12039
Dade,13083
DeSoto,28033
Warren,51187
Edwards,17047
Madison,47113
Randolph,1111
Ashe,37009
Dolores,8033
Licking,39089
Manassas,51683
Union,5139
Henderson,17071
Montgomery,1101
Arapahoe,8005
Marion,21155
Skagit,53057
Jones,28067
Columbia,55021
Brunswick,37019
Clearwater,27029
Northampton,51131
Rooks,20163
Fayette,18041
Hall,31079
Hamilton,31081
Loup,31115
Sheridan,30091
Frontier,31063
Bibb,1007
Lauderdale,28075
Big Stone,27011
Blue Earth,27013
Highland,51091
Spotsylvania,51177
Strafford,33017
Houston,13153
Delta,26041
Sebastian,5131
Santa Cruz,6087
McIntosh,13191
Monroe,13207
Dunklin,29069
Wheeler,48483
Forsyth,13117
San Patricio,48409
Walthall,28147
Monroe,29137
Isabella,26073
Moore,48341
Calhoun,45017
Sublette,56035
Fleming,21069
Clark,55019
York,45091
Adams,18001
Ascension,22005
Union,42119
Chesterfield,51041
Acadia,22001
Crawford,42039
Tripp,46123
Guthrie,19077
Washington,19183
Sanborn,46111
Grady,40051
Kanawha,54039
St. Croix,55109
Venango,42121
Summit,39153
Glynn,13127
Webb,48479
Montgomery,37123
Aroostook,23003
Jefferson Davis,28065
Washington,18175
Blanco,48031
Brunswick,51025
Dyer,47045
Gibson,47053
Prince George,51149
Lawrence,5075
Eddy,38027
Pierce,53053
Lincoln,16063
Lancaster,42071
Juneau,55057
Scott,47151
Corson,46031
Gregory,46053
Vance,37181
Caldwell,21033
Barnwell,45011
Decatur,47039
Blackford,18009
Etowah,1055
Camas,16025
Reno,20155
Maury,47119
Goshen,56015
Rusk,55107
Waukesha,55133
Garrard,21079
Norfolk,25021
Hendricks,18063
Jackson,17077
Georgetown,45043
Hettinger,38041
Grand,49019
Tooele,49045
Hampton,51650
Buffalo,55011
Frederick,51069
Lewis,54041
Polk,27119
Redwood,27127
Fayette,47047
St. Charles,22089
Poinsett,5111
Gulf,12045
Hamblen,47063
Chilton,1021
Newton,48351
Hockley,48219
Baldwin,13009
Transylvania,37175
Surry,37171
Coffee,1031
Shelby,39149
Canyon,16027
Daniels,30019
Leon,12073
Payne,40119
Covington,1039
Lawrence,18093
Gray,20069
Casey,21045
Metcalfe,21169
Russell,21207
Beauregard,22011
Somerset,23025
Cimarron,40025
Meade,21163
Nelson,21179
Owen,21187
Pemiscot,29155
Nance,31125
Menominee,55078
Panola,48365
Bath,21011
Anderson,48001
Caroline,51033
Sioux,19167
Glenn,6021
St. Louis,29510
Fannin,13111
Grant,46051
Marshall,46091
Thurston,53067
Knox,31107
Valencia,35061
Prairie,30079
Allamakee,19005
Cameron,48061
Montgomery,48339
Las Animas,8071
Llano,48299
Mason,48319
Clay,37043
Orange,36071
Schenectady,36093
Mingo,54059
Wabaunsee,20197
Houston,27055
Nicholas,21181
Plymouth,25023
Bronx,36005
Dare,37055
Medina,39103
Armstrong,42005
Atlantic,34001
Manitowoc,55071
Door,55029
Columbus,37047
Gallia,39053
Taylor,48441
Colonial Heights,51570
Coshocton,39031
Perkins,31135
Hartley,48205
Grand,8049
Jim Wells,48249
Winnebago,19189
San Luis Obispo,6079
Henry,1067
Wyandot,39175
Zapata,48505
Lee,13177
Boyd,21019
Carver,27019
Colfax,31037
Chesterfield,45025
Lewis,47101
Washington,41067
Virginia Beach,51810
Madison,30057
Lancaster,51103
Bates,29013
Belknap,33001
Richmond,51159
Franklin,53021
Ida,19093
Sedgwick,20173
Travis,48453
Hillsborough,12057
Mercer,34021
Butler,31023
Westmoreland,42129
Charlotte,12015
Cass,19029
Mercer,39107
Johnson,21115
Kent,44003
Windham,50025
Orleans,50019
Jackson,20085
Franklin,22041
Webster,28155
Franklin,25011
Cherry,31031
Beaverhead,30001
New Madrid,29143
Hempstead,5057
Camden,29029
Mecklenburg,51117
Webster,21233
Garfield,40047
Skamania,53059
Lenawee,26091
Gilmer,13123
Roseau,27135
Madison,28089
Howard,48227
Wayne,54099
